Model,MAE,RMSE,R2
Linear,7.863361099903489,9.772594037039369,0.7330042201788763
DecisionTree,11.881892,14.87306355519938,0.38157712114958375
KNN,9.654744600000003,11.97526825029235,0.5990823447729425
