Model,MAE,RMSE,R2
RandomForest,8.343714910000001,10.327165057731252,0.7018416905476408
SVR,8.071026996145804,10.001709074549026,0.7203382208179099
