Model,MAE,RMSE,R2
RF,8.353486994999999,10.339429619845093,0.7011330832026625
