Model,MAE,RMSE,R2
RF,8.343714910000001,10.327165057731252,0.7018416905476408
